[
  {
    "id": "7a9178ed-e4da-4c1d-a16e-8eb1c2079610",
    "data": [
      {
        "text": "피자 시킬게",
        "userDefined": false
      }
    ],
    "isTemplate": false,
    "count": 0
  },
  {
    "id": "4d9f05b8-27f3-4d25-932c-ec0268abc06e",
    "data": [
      {
        "text": "페퍼로니피자",
        "alias": "pizza_type",
        "meta": "@pizza_type",
        "userDefined": false
      },
      {
        "text": " 주문",
        "userDefined": false
      }
    ],
    "isTemplate": false,
    "count": 0
  },
  {
    "id": "cc374105-c37f-482f-93d5-53cd95100e2b",
    "data": [
      {
        "text": "포테이토피자",
        "alias": "pizza_type",
        "meta": "@pizza_type",
        "userDefined": false
      },
      {
        "text": " 주문",
        "userDefined": false
      }
    ],
    "isTemplate": false,
    "count": 0
  },
  {
    "id": "1d479cc8-5770-4017-b998-23312200e6e3",
    "data": [
      {
        "text": "불고기피자",
        "alias": "pizza_type",
        "meta": "@pizza_type",
        "userDefined": false
      },
      {
        "text": " 주문",
        "userDefined": false
      }
    ],
    "isTemplate": false,
    "count": 0
  },
  {
    "id": "380383b4-6bf3-4cc5-a8c4-27a41e20b351",
    "data": [
      {
        "text": "피자 주문",
        "userDefined": false
      }
    ],
    "isTemplate": false,
    "count": 1
  },
  {
    "id": "92910f80-5acc-4d9d-ab17-dd52b448a47a",
    "data": [
      {
        "text": "불고기피자",
        "alias": "pizza_type",
        "meta": "@pizza_type",
        "userDefined": true
      },
      {
        "text": " ",
        "userDefined": false
      },
      {
        "text": "2",
        "alias": "number",
        "meta": "@sys.number",
        "userDefined": true
      },
      {
        "text": "판 ",
        "userDefined": false
      },
      {
        "text": "스몰",
        "alias": "pizza_size",
        "meta": "@pizza_size",
        "userDefined": true
      },
      {
        "text": " 주문",
        "userDefined": false
      }
    ],
    "isTemplate": false,
    "count": 0
  },
  {
    "id": "5b51e41f-6162-453d-a94c-2712a0b961d2",
    "data": [
      {
        "text": "페퍼로니피자",
        "alias": "pizza_type",
        "meta": "@pizza_type",
        "userDefined": true
      },
      {
        "text": " ",
        "userDefined": false
      },
      {
        "text": "1",
        "alias": "number",
        "meta": "@sys.number",
        "userDefined": true
      },
      {
        "text": "판 ",
        "userDefined": false
      },
      {
        "text": "라지",
        "alias": "pizza_size",
        "meta": "@pizza_size",
        "userDefined": true
      },
      {
        "text": " 주문",
        "userDefined": false
      }
    ],
    "isTemplate": false,
    "count": 0
  },
  {
    "id": "4703788d-f340-4682-bc01-252fb347c51d",
    "data": [
      {
        "text": "포테이토피자",
        "alias": "pizza_type",
        "meta": "@pizza_type",
        "userDefined": false
      },
      {
        "text": " ",
        "userDefined": false
      },
      {
        "text": "1",
        "alias": "number",
        "meta": "@sys.number",
        "userDefined": false
      },
      {
        "text": "판 ",
        "userDefined": false
      },
      {
        "text": "라지",
        "alias": "pizza_size",
        "meta": "@pizza_size",
        "userDefined": false
      },
      {
        "text": " 주문",
        "userDefined": false
      }
    ],
    "isTemplate": false,
    "count": 0
  }
]