[
  {
    "id": "0b9c5c33-db18-4e0b-bedf-d43641e9b78f",
    "data": [
      {
        "text": "피자 메뉴",
        "userDefined": false
      }
    ],
    "isTemplate": false,
    "count": 0
  },
  {
    "id": "fafbd879-0b02-43ae-9902-42b0849911f6",
    "data": [
      {
        "text": "피자 정보 알려줘",
        "userDefined": false
      }
    ],
    "isTemplate": false,
    "count": 0
  },
  {
    "id": "15ef6509-c963-403b-b5b1-f53739316856",
    "data": [
      {
        "text": "피자 정보",
        "userDefined": false
      }
    ],
    "isTemplate": false,
    "count": 0
  },
  {
    "id": "7d001700-d956-44a6-ab89-90f5f03c674a",
    "data": [
      {
        "text": "피자 뭐있어",
        "userDefined": false
      }
    ],
    "isTemplate": false,
    "count": 0
  },
  {
    "id": "5770c405-15ed-410d-8c54-fedd400bdc24",
    "data": [
      {
        "text": "피자 알려줘",
        "userDefined": false
      }
    ],
    "isTemplate": false,
    "count": 0
  },
  {
    "id": "82808480-5bb9-4b95-82fc-f7674b95da99",
    "data": [
      {
        "text": "포테이토피자",
        "alias": "pizza_type",
        "meta": "@pizza_type",
        "userDefined": false
      },
      {
        "text": " 알려줘",
        "userDefined": false
      }
    ],
    "isTemplate": false,
    "count": 0
  },
  {
    "id": "5bed41d5-ba09-4c11-a23c-36f5d142cc52",
    "data": [
      {
        "text": "페퍼로니피자",
        "alias": "pizza_type",
        "meta": "@pizza_type",
        "userDefined": false
      },
      {
        "text": " 알려줘",
        "userDefined": false
      }
    ],
    "isTemplate": false,
    "count": 0
  },
  {
    "id": "46def28b-917f-4f35-8881-c619301a56dd",
    "data": [
      {
        "text": "페퍼로니피자",
        "alias": "pizza_type",
        "meta": "@pizza_type",
        "userDefined": false
      },
      {
        "text": " 보여줘",
        "userDefined": false
      }
    ],
    "isTemplate": false,
    "count": 0
  },
  {
    "id": "0df0bc13-1db0-4c35-ac35-537cf1254356",
    "data": [
      {
        "text": "메뉴",
        "userDefined": false
      }
    ],
    "isTemplate": false,
    "count": 0
  },
  {
    "id": "783823d8-912d-4a7b-b7b2-b873f18c4aba",
    "data": [
      {
        "text": "메뉴 보여줘",
        "userDefined": false
      }
    ],
    "isTemplate": false,
    "count": 0
  },
  {
    "id": "c0809c7a-3ddc-4446-a8bb-e7f202b6df23",
    "data": [
      {
        "text": "포테이토피자",
        "alias": "pizza_type",
        "meta": "@pizza_type",
        "userDefined": false
      },
      {
        "text": "는 어떤거야?",
        "userDefined": false
      }
    ],
    "isTemplate": false,
    "count": 0
  },
  {
    "id": "22ac50b5-6839-4d11-a42d-7fba7c16a403",
    "data": [
      {
        "text": "불고기피자",
        "alias": "pizza_type",
        "meta": "@pizza_type",
        "userDefined": false
      },
      {
        "text": " 보여줘",
        "userDefined": false
      }
    ],
    "isTemplate": false,
    "count": 0
  },
  {
    "id": "0a2a6bfa-0aeb-4462-8c7e-bbff34ad5675",
    "data": [
      {
        "text": "불고기피자",
        "alias": "pizza_type",
        "meta": "@pizza_type",
        "userDefined": false
      },
      {
        "text": " 알려줘",
        "userDefined": false
      }
    ],
    "isTemplate": false,
    "count": 0
  },
  {
    "id": "3ce528bd-4903-4a5c-b2a9-867e656ec894",
    "data": [
      {
        "text": "불고기피자",
        "alias": "pizza_type",
        "meta": "@pizza_type",
        "userDefined": false
      },
      {
        "text": "가 뭐야?",
        "userDefined": false
      }
    ],
    "isTemplate": false,
    "count": 0
  }
]