[
  {
    "id": "f836734b-741c-41e9-aa03-88428806c78c",
    "data": [
      {
        "text": "가게 영업 시간",
        "userDefined": false
      }
    ],
    "isTemplate": false,
    "count": 0
  },
  {
    "id": "d8ebd4c1-d517-4999-a2d8-a5c8a6400b06",
    "data": [
      {
        "text": "영업 시간",
        "userDefined": false
      }
    ],
    "isTemplate": false,
    "count": 0
  },
  {
    "id": "0511f34c-7c53-4acc-b442-634986e85ec3",
    "data": [
      {
        "text": "영업 시간 알려줘",
        "userDefined": false
      }
    ],
    "isTemplate": false,
    "count": 0
  }
]